<?xml version="1.0" encoding="UTF-8" standalone="yes"?>
<addon id="repository.Diamond-Wizard-Repo" name="[COLOR crimson]D[COLOR silver]iamond Wizard Repo[/COLOR]" version="3.3.9" provider-name="Team Diamond">
<extension point="xbmc.addon.repository" name="Diamond Wizard Repo">
<!-- Diamond Repository -->
<info compressed="false">http://repo.rubyjewelwizard.com/repo/diamond/wizard/files/addons.xml</info>
<checksum>http://repo.rubyjewelwizard.com/repo/diamond/wizard/files/addons.xml.md5</checksum>
<datadir zip="true">http://repo.rubyjewelwizard.com/repo/diamond/wizard/zips/</datadir>
<hashes>false</hashes>
<dir>
<info compressed="false">https://github.com/tvaddonsco/tva-resolvers-repo/raw/master/addons.xml</info>
<checksum>https://github.com/tvaddonsco/tva-resolvers-repo/raw/master/addons.xml.md5</checksum>
<datadir zip="true">https://github.com/tvaddonsco/tva-resolvers-repo/raw/master/zips/</datadir>
</dir>
<dir>
<info compressed="false">https://raw.githubusercontent.com/totalrevolution/python-koding/master/zips/addons.xml</info>111111111111111
<checksum>https://raw.githubusercontent.com/totalrevolution/python-koding/master/zips/addons.xml.md5</checksum>
<datadir zip="true">https://raw.githubusercontent.com/totalrevolution/python-koding/master/zips/</datadir>
</dir>
<dir>
<info compressed="false">https://raw.githubusercontent.com/marcelveldt/repository.marcelveldt/master/addons.xml</info>33333333333333333333
<checksum>https://raw.githubusercontent.com/marcelveldt/repository.marcelveldt/master/addons.xml.md5</checksum>
<datadir zip="true">https://raw.githubusercontent.com/marcelveldt/repository.marcelveldt/master/</datadir>
</dir>
<dir>
<info compressed="false">https://github.com/jdf76/repository/raw/master/addons.xml</info>
<checksum>https://github.com/jdf76/repository/raw/master/addons.xml.md5</checksum>
<datadir zip="true">https://github.com/jdf76/repository/raw/master/zips</datadir>
</dir>
<dir>
<info compressed="false">https://raw.githubusercontent.com/jsergio123/zips/master/addons.xml</info>22222222222222
<checksum>https://raw.githubusercontent.com/jsergio123/zips/master/addons.xml.md5</checksum>
<datadir zip="true">https://raw.githubusercontent.com/jsergio123/zips/master/</datadir>
</dir>
<dir>
<info compressed="false">https://raw.githubusercontent.com/teamuniversal/scrapers/master/_modules4all/zips/addons.xml</info>4444444444444444444
<checksum>https://raw.githubusercontent.com/teamuniversal/scrapers/master/_modules4all/zips/addons.xml.md5</checksum>
<datadir zip="true">https://raw.githubusercontent.com/teamuniversal/scrapers/master/_modules4all/zips/</datadir>
</dir>
</extension>
<extension point="xbmc.addon.metadata">
<summary lang="en">Diamond Addons - Master / Main Repo</summary>
<description lang="en">Repo For Diamond Build, Bought to you by Diamond Build</description>
<disclaimer>The owners and submitters to this repository do not host or distribute any of the content displayed by these addons nor do they have any affiliation with the content providers.</disclaimer>
<platform>all</platform>
</extension>
</addon>
